{"cameraMode":{"drawMode":0,"name":"Shaded","section":"Shading Mode"},"sceneLighting":true,"audioPlay":false,"sceneViewState":{"m_AlwaysRefresh":false,"showFog":true,"showSkybox":true,"showFlares":true,"showImageEffects":true,"showParticleSystems":true,"showVisualEffectGraphs":true,"m_FxEnabled":true},"in2DMode":false,"pivot":{"x":0.006922274827957153,"y":-0.2939603328704834,"z":-0.08642292022705078},"rotation":{"x":-0.7331212162971497,"y":-0.0024457916151732208,"z":0.002630840986967087,"w":-0.6801000833511353},"size":1.7871177196502686,"orthographic":false}